category1,num
bangladesh,7362
News,6351
Verses,4521
কবিতা,4306
sports,3357
গল্প,2970
শামসুর রাহমান,2738
বাংলা কোরআন,2302
Songs,2272
সেবা প্রকাশনী,1799
International,1796
বাংলা হাদিস,1608
Sports,1547
সুনীল গঙ্গোপাধ্যায়,1437
রবীন্দ্রনাথ ঠাকুর,1407
বাংলা মহাভারত,1311
বাংলা বেদ,1298
নজরুল রচনাবলী (কাজী নজরুল ইসলাম),1266
অনুবাদ সাহিত্য,1194
world,1140
ভ্রমণ,1128
Essays,1123
দেশ,1084
ছোট গল্প,958
বাংলা বাইবেল,949
সংস্কৃত,925
তসলিমা নাসরিন,863
মুহম্মদ জাফর ইকবাল,818
প্রবন্ধ,730
রবীন্দ্র রচনাবলী – রবীন্দ্রনাথ ঠাকুর,724
জীবনানন্দ দাশ,708
হুমায়ূন আহমেদ রচনাবলী,698
বাংলা গীতা,695
রাজনীতি,683
সমরেশ মজুমদার,666
বিবিধ,660
শরদিন্দু বন্দ্যোপাধ্যায়,660
শরৎ রচনাবলী,639
লালন ফকির (লালনগীতি),635
Business,628
নীহাররঞ্জন গুপ্ত,626
শীর্ষেন্দু মুখোপাধ্যায়,592
ইসলাম ধর্ম,535
স্বামী বিবেকানন্দ রচনাবলী,515
মুক্তিযুদ্ধ,506
বিজ্ঞান,500
তারাপদ রায়,492
শ্রদ্ধা,487
সত্যজিৎ রায়,479
রাজ্য​,472
বঙ্কিমচন্দ্র চট্টোপাধ্যায় (বঙ্কিম রচনাবলী),446
হিন্দুধর্ম,417
বুদ্ধদেব গুহ,414
কাজী নজরুল ইসলাম,412
রম্যরচনা,401
সৈয়দ মুজতবা আলী,397
অনুবাদ,389
বাংলা রামায়ণ,388
জ্ঞান-বিজ্ঞান,372
খেলা,359
বাংলা বই,352
opinion,331
শিল্প আলোচনা,323
সুকান্ত ভট্টাচার্য,309
 মহানগর,284
সমরেশ বসু,283
বিভূতিভূষণ বন্দ্যোপাধ্যায়,277
প্রযুক্তি,273
বাংলা পুরাণ,268
বইপত্র,266
আশাপূর্ণা দেবী,264
entertainment,259
সৈয়দ মুস্তাফা সিরাজ,257
সঞ্জীব চট্টোপাধ্যায়,256
গীতি,249
তারাশংকর বন্দ্যোপাধ্যায়,247
খেলাধুলা,245
মহাদেব সাহা,238
শিক্ষা,230
সুকুমারী ভট্টাচার্য,226
অনীশ দেব,221
onnoalo,215
সুকুমার রায়,214
নারায়ণ গঙ্গোপাধ্যায়,206
lifestyle,200
সাহিত্য,194
নীরেন্দ্রনাথ চক্রবর্তী,192
হুমায়ুন আজাদ,191
District,188
বাণী বসু,184
সুচিত্রা ভট্টাচার্য,181
পূর্ণেন্দু পত্রী,180
বিনোদন,178
রাজশেখর বসু (পরশুরাম),173
কাসেম বিন আবুবাকার,171
Others,171
প্রফুল্ল রায়,163
জয় গোস্বামী,162
নীহাররঞ্জন রায়,161
নিমাই ভট্টাচার্য,161
সৈয়দ শামসুল হক,161
ইমদাদুল হক মিলন,159
Stories,156
ফুটবল,154
business,153
মাইকেল মধুসূদন দত্ত,151
প্রেমেন্দ্র মিত্র,148
মতি নন্দী,147
ইসলামিক বই,146
সুকুমার রায়,145
রেখাচিত্র,143
ময়ূখ চৌধুরী (প্রসাদ রায়),143
LatestNews,139
নির্মলেন্দু গুণ,132
হোমওয়ার্ক হেল্প,132
রোমেনা আফাজ,132
হেলাল হাফিজ,129
শিবরাম চক্রবর্তী,129
ছড়া,128
আহমদ শরীফ,127
উপন্যাস,124
লীলা মজুমদার,122
শক্তি চট্টোপাধ্যায়,122
শিল্প-সংস্কৃতি,121
প্রমথ চৌধুরী,119
জসীম উদ্দীন,118
অন্যান্য,118
আখতারুজ্জামান ইলিয়াস,115
দেবীপ্রসাদ চট্টোপাধ্যায়,114
মানিক বন্দ্যোপাধ্যায়,112
শাহরিয়ার কবির,111
অদ্রীশ বর্ধন,111
সুজন দাশগুপ্ত,109
বিমল কর,106
আহমদ ছফা,106
বিমল মিত্র,98
জসীমউদ্দীন,98
দাউদ হায়দার,97
অনির্বাণ বন্দ্যোপাধ্যায়,94
Golpo,92
মলয় রায়চৌধুরী,91
education,91
আনিসুল হক,91
অম্লান দত্ত,90
special-supplement,89
অন্নদাশঙ্কর রায়,83
মোহাম্মদ নাজিম উদ্দিন,83
অনীশ দাস অপু,80
আল মাহমুদ,80
মোহাম্মদ রফিকউজ্জামান,80
স্বপ্নময় চক্রবর্তী,79
বিনয় ঘোষ,79
আশুতোষ মুখোপাধ্যায় (সাহিত্যিক),78
জানা-অজানা,76
লুৎফর রহমান,76
রঞ্জিত চট্টোপাধ্যায়,76
পাঁচকড়ি দে,75
chakri,75
জগদীশচন্দ্র বসু,74
Boier desh,74
তারাদাস বন্দ্যোপাধ্যায়,74
আবুল মনসুর আহমেদ,74
শংকর,72
নৃসিংহপ্রসাদ ভাদুড়ী,69
অতীন বন্দ্যোপাধ্যায়,69
মঞ্জিল সেন,69
technology,69
হেমেন্দ্রকুমার রায়,68
আরিফ আজাদ,66
উপেন্দ্রকিশোর রায়চৌধুরী,64
অতুল সুর,64
মীর মশাররফ হোসেন,63
খেলাধুলো,63
রুদ্র মুহম্মদ শহিদুল্লাহ,61
রমেশচন্দ্র মজুমদার,60
প্রচেত গুপ্ত,60
বেগম রোকেয়া সাখাওয়াত হোসেন,59
দেবারতি মুখোপাধ্যায়,59
আবিদ আনোয়ার,59
জহির রায়হান,58
সিদ্ধার্থ ঘোষ,58
তিলোত্তমা মজুমদার,58
সাদাত হোসাইন,57
অমিয়ভূষণ মজুমদার,57
নবারুণ ভট্টাচার্য,57
photo,55
অবনীন্দ্রনাথ ঠাকুর,55
Buddhadeva Bose,54
অচিন্ত্যকুমার সেনগুপ্ত,51
religion,50
শঙ্করলাল ভট্টাচার্য,50
আরজ আলী মাতুব্বর,50
সৈয়দ ইসমাইল হোসেন সিরাজী,50
মনোজ সেন,48
জগদানন্দ রায়,47
বুদ্ধদেব বসু,47
নারী,45
রবিশংকর বল,45
Plays,44
গোলাম মুরশিদ,44
সুপ্রতিম সরকার,44
বাংলা ত্রিপিটক,43
সেলিনা হোসেন,43
করোনা ক্রনিকল্‌স্,41
writer,41
নারায়ণ সান্যাল,40
Shakti Chattopadhyay,40
ভবেশ রায়,40
বাংলাদেশ,39
আবুল ফজল,38
ভাস্কর চক্রবর্তী,38
আধুনিক বাংলা সাহিত্য,37
সুবোধ ঘোষ,37
অনিল ভৌমিক,36
জীবজন্তু,36
রেবন্ত গোস্বামী,36
স্মরণজিৎ চক্রবর্তী,36
মানবেন্দ্র পাল,35
ধীরেশচন্দ্র ভট্টাচার্য,35
বাংলা ব্যাকরণ,34
অদ্বৈত মল্লবর্মণ,34
শৈলেন ঘোষ,34
যদুনাথ সরকার,33
সৈয়দ আবুল মকসুদ,32
রাখালদাস বন্দ্যোপাধ্যায়,32
দীনেশচন্দ্র সেন,32
বিনোদ ঘোষাল,32
কালীপ্রসন্ন সিংহ,32
মিনা ফারাহ,32
অভীক দত্ত,32
শওকত ওসমান,32
ঈশ্বরচন্দ্র বিদ্যাসাগর,31
বিনায়ক বন্দ্যোপাধ্যায়,31
সন্দীপন চট্টোপাধ্যায়,31
রঞ্জন বন্দ্যোপাধ্যায়,31
মাহমুদুল হক,31
শাহীন আখতার,30
আবুল আসাদ,30
হাসান আজিজুল হক,30
টেকচাঁদ ঠাকুর (প্যারীচাঁদ মিত্র),30
আবু ইসহাক,29
বিদ্যুৎ মিত্র,29
কমলকুমার মজুমদার,29
অভিজিৎ রায়,29
অতুলচন্দ্র গুপ্ত,28
রমণীমোহন মল্লিক,28
শেখ মুজিবুর রহমান,28
প্রাচীন বাংলা সাহিত্য,28
কাজী আবদুল ওদুদ,27
শঙ্খ ঘোষ,27
ভগিনী নিবেদিতা,27
সুধীন্দ্রনাথ দত্ত,27
শহীদুল্লা কায়সার,27
স্মরণে,27
সাগরময় ঘোষ,27
দেশজুড়ে,27
আকবর আলি খান,26
দেবেশ রায়,26
শওকত আলী,26
শহীদুল জহির,25
হেমচন্দ্র বন্দ্যোপাধ্যায়,25
মনোজ মিত্র,25
সুবোধ সরকার,24
সোমেন চন্দ,24
প্রভাবতী দেবী সরস্বতী,24
সুধীর চক্রবর্তী,24
তপন রায়চৌধুরী,24
ভারতচন্দ্র রায়,24
সুফিয়া কামাল,23
মঈদুল হাসান,23
অভীক সরকার,23
রণেন ঘোষ,21
সুপ্রিয় চৌধুরী,21
সত্যেন্দ্রনাথ দত্ত,21
মোশতাক আহমেদ,21
রাধারানী দেবী,20
রাহুল সাংকৃত্যায়ন,20
আন্তর্জাতিক,20
নারী ও সমাজ,20
সুশীল চৌধুরী,20
প্রতিভা বসু,20
প্রমথনাথ বিশী,20
সুধাংশু শেখর বিশ্বাস,20
সতীশ চন্দ্র,20
ফররুখ আহমদ,20
Onubad - Copy,20
আনোয়ার পাশা,19
অসীম সাহা,19
দক্ষিণারঞ্জন বসু,19
মল্লিকা সেনগুপ্ত,19
Front Page-Detective Fiction,18
চিত্রা দেব,18
ফাল্গুনী মুখোপাধ্যায়,18
প্রতুলচন্দ্র গুপ্ত,18
সৈয়দ ওয়ালিউল্লাহ,18
আবদুল্লাহ আবু সায়ীদ,18
তপন বন্দ্যোপাধ্যায়,17
অমিয় চক্রবর্তী,17
কামিনী রায়,17
মনোরঞ্জন ব্যাপারী,16
জীবনী,16
বানভট্ট,16
হরপ্রসাদ শাস্ত্রী,16
Front Page-Short Stories,16
সায়ন্তনী পূততুন্ড,16
বাংলা উপনিষদ,15
বিষ্ণু দে,15
ত্রৈলোক্যনাথ মুখোপাধ্যায়,15
বই-টই,14
খবরাখবর,14
শাহাদুজ্জামান,14
Front Page-Poetry,14
ধর্ম ও দর্শন,14
যতীন্দ্রমোহন বাগচী,14
মহিউদ্দিন আহমদ,14
ইংরেজি তর্জমা,14
amader-kotha,14
ধীরাজ ভট্টাচার্য,14
আবদুল্লাহ আল-মুতী,13
Front Page-Science Fiction,13
Jibanananda Das,13
অভিজিৎ সেন,13
জয়দেব গোস্বামী,13
ব্যক্তিগত গদ্য,13
অনিল ঘড়াই,12
মুহম্মদ শহীদুল্লাহ,12
শিশু অধিকার,12
সোমব্রত সরকার,12
মৈত্রেয়ী দেবী,12
শিবব্রত বর্মন,12
পার্থ চট্টোপাধ্যায় (নৃতত্ত্ববিদ),12
অক্ষয়কুমার মৈত্রেয়,12
চিত্তরঞ্জন মাইতি,12
মাকিদ হায়দার,12
দক্ষিণারঞ্জন মিত্র মজুমদার,12
দর্শন- রাজনীতি- ইতিহাস,11
কার্টুন,11
রম্য রচনা,11
প্রিয়নাথ মুখোপাধ্যায়,11
বলাইচাঁদ মুখোপাধ্যায় (বনফুল),11
জাতীয়,11
তপন বাগচী,11
আলাউদ্দিন আল আজাদ,11
ষষ্ঠীপদ চট্টোপাধ্যায়,11
সুকান্ত চৌধুরী,10
পাঁচকড়ি বন্দ্যোপাধ্যায়,10
সরদার ফজলুল করিম,10
প্রশান্ত মৃধা,10
কোয়েল তালুকদার,10
Front Page-Tales of Unease,10
বিজ্ঞান ও প্রযুক্তি,10
শিল্প- সংস্কৃতি,10
জাহানারা ইমাম,10
মোতাহের হোসেন চৌধুরী,9
নির্মল সেন,9
চিত্তরঞ্জন দেব,9
শ্রীপান্থ / নিখিল সরকার,9
মৌরি মরিয়ম,9
সঙ্গীতা বন্দ্যোপাধ্যায়,9
কাজী ইমদাদুল হক,9
নবনীতা দেবসেন,9
হিমাদ্রিকিশোর দাশগুপ্ত,9
সাহিত্যের রূপ ও রীতি,9
মনজুরুল হক,9
অমিতাভ ঘোষ,9
সতীনাথ ভাদুড়ী,8
আসাদ চৌধুরী,8
সেলিম আল দীন,8
শাহ আবদুল করিম রচনাসমগ্র,8
হেমন্ত কুমার গঙ্গোপাধ্যায়,8
আয়মান সাদিক,8
গল্প-ফিচার,8
অজেয় রায়,8
ঈশ্বরচন্দ্র গুপ্ত,8
শ্রীজাত বন্দ্যোপাধ্যায়,8
প্রবোধকুমার ভৌমিক,8
কল্লোল লাহিড়ী,8
জলধর সেন,7
নীলিমা ইব্রাহিম,7
কৌটিল্য / চাণক্য / বিষ্ণুগুপ্ত / মল্লনাগ / বাৎস্যায়ন,7
ক্রীড়াজগৎ,7
ভবানীপ্রসাদ সাহু,7
লোকেশ্বর বসু,7
সম্পাদকীয়,7
শামসুদ্দীন আবুল কালাম,7
আবুল বাশার,6
দিব্যেন্দু পালিত,6
রাধাগোবিন্দ বসাক,6
লাইফস্টাইল,6
অভিজিৎ বিনায়ক বন্দ্যোপাধ্যায়,6
রমাপদ চৌধুরী,6
খেলাধূলা,6
সুকুমার সেন,6
সুভাষ মুখোপাধ্যায়,6
প্রভাতকুমার মুখোপাধ্যায়,6
আনিসুজ্জামান,6
ফরহাদ মজহার,5
মহাশ্বেতা দেবী,5
ক্ষিতিমোহন সেন,5
নাটক,5
অভিজ্ঞান রায়চৌধুরী,5
জ্ঞানদানন্দিনী দেবী,4
আবুল হাসান,4
অমর মিত্র,4
সনজীদা খাতুন,4
জাহিদ হােসেন,4
মালিহা তাবাসসুম,4
[],3
শ্যামল গঙ্গোপাধ্যায়,3
Front Page-Autobiography,3
মোহিত কামাল,3
মণীন্দ্র গুপ্ত,3
সৈকত মুখোপাধ্যায়,3
চণ্ডীদাস,3
মোস্তাক আহমাদ দীন,3
মুনীর চৌধুরী,3
আব্দুর রউফ চৌধুরী,3
সুকান্ত গঙ্গোপাধ্যায়,3
প্রবীর ঘোষ,2
দুর্গাদাস লাহিড়ী,2
বিহারীলাল চক্রবর্তী,2
উৎপলকুমার বসু,2
ত্রিদিবকুমার চট্টোপাধ্যায়,2
প্রসেনজিৎ দাশগুপ্ত,2
ওমর খৈয়াম,2
তারাশঙ্কর বন্দ্যোপাধ্যায়,2
সুস্মিতা বন্দ্যোপাধ্যায়,2
বরেন গঙ্গোপাধ্যায়,2
গোলাম মোস্তফা,2
শিবদাস ঘোষ,2
"""https://www.bssnews.net/assets/news_photos/2023/01/25/image-107085-1674626638.jpg""",2
প্রবোধকুমার সান্যাল,2
কালী প্রসন্ন দাস,2
রমেশচন্দ্র সেন,2
শিবনাথ শাস্ত্রী,2
এশিয়া,1
কৌশিক রায়,1
ব,1
ফ,1
অর্থনীতি,1
"""https://www.bssnews.net/assets/news_photos/2023/04/07/image-119673-1680850047.jpg""",1
জীবন সরকার,1
প,1
জগদীশ গুপ্ত,1
"""https://www.bssnews.net/assets/news_photos/2022/12/15/image-100160-1671082071.jpg""",1
ন,1
ধ,1
"""https://www.bssnews.net/assets/news_photos/2022/12/14/image-99954-1670995355.jpg""",1
"""https://www.bssnews.net/assets/news_photos/2022/12/14/image-99993-1671011665.jpg""",1
"""https://www.bssnews.net/assets/news_photos/2023/04/20/image-121798-1681984374.jpg""",1
দ,1
ত,1
ড,1
"""https://www.bssnews.net/assets/news_photos/2022/12/14/image-100029-1671020202.jpg""",1
ঠ,1
Uncategorized,1
হ,1
"""https://www.bssnews.net/assets/news_photos/2023/01/09/image-104145-1673251263.jpg""",1
ম,1
ভ,1
"""https://www.bssnews.net/assets/news_photos/2022/12/15/image-100241-1671105521.jpg""",1
"[""https://parabaas.com/shakti/images/bhismadev_postman.jpg""]",1
স,1
"""https://www.bssnews.net/assets/news_photos/2023/03/03/image-113561-1677822152.jpg""",1
"""https://www.bssnews.net/assets/news_photos/2023/03/17/image-116045-1679029160.jpg""",1
"""https://www.bssnews.net/assets/news_photos/2023/03/30/image-118265-1680162094.jpg""",1
"[""https://parabaas.com/shakti/images/sutapa_fate.jpg""]",1
"[""https://parabaas.com/shakti/images/shakti_rainonkolkata_pic.jpg""]",1
"[""https://parabaas.com/shakti/images/shakti_ican_pic.jpg""]",1
গজেন্দ্রকুমার মিত্র,1
"""https://www.bssnews.net/assets/news_photos/2022/11/16/image-94176-1668573588.jpg""",1
"[""https://parabaas.com/jd/images/kNandini_twentyfive.jpg""]",1
জ্যোতিরিন্দ্র নন্দী,1
ক্ষিতীশচন্দ্র মৌলিক,1
অ,1
"""https://www.bssnews.net/assets/news_photos/2023/01/30/image-107892-1675059891.jpg""",1
"""https://www.bssnews.net/assets/news_photos/2023/01/27/image-107491-1674810268.jpg""",1
শ,1
মাহরীন ফেরদৌস,1
ল,1
র,1
য,1
গৌর মিত্র,1
মুহম্মদ আবদুল হাই,1
কল্যাণ মৈত্র,1
ষ,1
শান্তিরঞ্জন চট্টোপাধ্যায়,1
নরেন্দ্রনাথ মিত্র,1
রবিন দে,1
নাসরীন জাহান,1
পঞ্চানন মালাকর,1
রাবেয়া খাতুন,1
শক্তিপদ রাজগুরু,1
বামাপ্রসাদ মুখোপাধ্যায়,1
তপনকুমার দাস,1
বুলবুল চৌধুরী,1
বোরহানউদ্দিন খান জাহাঙ্গীর,1
ভাগ্যধর হাজারী,1
শিবতোষ ঘোষ,1
শিহাব সরকার,1
মারজুক রাসেল,1
তমাল লাহা,1
চারুচন্দ্র বন্দ্যোপাধ্যায়,1
জ,1
মৃণাল বসুচৌধুরী,1
বর্মন রায়,1
বিপুল কুমার রায়,1
অগ্নি বসু,1
অক্ষয়চন্দ্র সরকার,1
মঞ্জু সরকার,1
মনোজ বসু,1
মহাদেব বন্দ্যোপাধ্যায়,1
গৌতম বন্দ্যোপাধ্যায়,1
অরুণকুমার দত্ত,1
প্রণব সেন,1
আশিস সান্যাল,1
পরেশ সরকার,1
রজনীকান্ত গুহ,1
কেদারনাথ বন্দ্যোপাধ্যায়,1
আবু রুশদ,1
শৈলেন রায়,1
আবুল খায়ের মুসলেহউদ্দিন,1
ও,1
শুভঙ্কর মুখোপাধ্যায়,1
হরিনারায়ণ চট্টোপাধ্যায়,1
আহসান হাবীব (কার্টুনিস্ট),1
আ,1
এ,1
ঐ,1
ক,1
শৈবাল মিত্র,1
ক্ষ,1
খ,1
গ,1
ঘ,1
চ,1
ছ,1
সৌমিত্ৰশংকর দাশগুপ্ত,1
বৈদ্যনাথ বন্দ্যোপাধ্যায়,1
দিলীপকুমার বন্দ্যোপাধ্যায়,1
উত্তম ঘোষ,1
সুকুমার ভট্টাচার্য,1
আফসার আহমেদ,1
সন্তোষকুমার ঘোষ,1
ননী ভৌমিক,1
সাইয়িদ আতীকুল্লাহ,1
নবেন্দু ঘোষ,1
অরূপরতন ঘোষ,1
শুভমানস ঘোষ,1
অলোককৃষ্ণ চক্রবর্তী,1
চারুচন্দ্র চক্রবর্তী (জরাসন্ধ),1
শরীফুল হাসান,1
শৈলজানন্দ মুখোপাধ্যায়,1
লক্ষ্মীদেবী চক্রবর্তী,1
"""https://www.bssnews.net/assets/news_photos/2023/04/24/image-122180-1682330710.jpg""",1
